"id","compound_public_id","source_type","food_id","food_name","orig_food_common_name","orig_food_scientific_name","orig_source_id","orig_source_name","orig_content_avg","orig_unit","citation","preparation_type"
1179660,12174,"Compound",1,"Angelica","","","","",NA,"","MANUAL",""
1179661,12174,"Compound",2,"Savoy cabbage","","","","",NA,"","MANUAL",""
1179662,12174,"Compound",3,"Silver linden","","","","",NA,"","MANUAL",""
1179663,12174,"Compound",4,"Kiwi","","","","",NA,"","MANUAL",""
1179664,12174,"Compound",5,"Allium","","","","",NA,"","MANUAL",""
1179665,12174,"Compound",6,"Garden onion","","","","",NA,"","MANUAL",""
1179666,12174,"Compound",7,"Leek","","","","",NA,"","MANUAL",""
1179667,12174,"Compound",8,"Garlic","","","","",NA,"","MANUAL",""
1179668,12174,"Compound",9,"Chives","","","","",NA,"","MANUAL",""
1179669,12174,"Compound",10,"Lemon verbena","","","","",NA,"","MANUAL",""
1179670,12174,"Compound",11,"Cashew nut","","","","",NA,"","MANUAL",""
1179671,12174,"Compound",12,"Pineapple","","","","",NA,"","MANUAL",""
688908,12174,"Compound",13,"Dill","Dill","Anethum graveolens L. [Apiaceae]","EUGENOL","EUGENOL",NA,"","DUKE","raw"
1179672,12174,"Compound",14,"Custard apple","","","","",NA,"","MANUAL",""
689521,12174,"Compound",15,"Wild celery","Celery","Apium graveolens L. [Apiaceae]","EUGENOL","EUGENOL",NA,"","DUKE","raw"
1179673,12174,"Compound",16,"Peanut","","","","",NA,"","MANUAL",""
1179674,12174,"Compound",17,"Burdock","","","","",NA,"","MANUAL",""
1179675,12174,"Compound",18,"Horseradish","","","","",NA,"","MANUAL",""
1179676,12174,"Compound",20,"Mugwort","","","","",NA,"","MANUAL",""
1179677,12174,"Compound",21,"Asparagus","","","","",NA,"","MANUAL",""
1179678,12174,"Compound",22,"Oat","","","","",NA,"","MANUAL",""
1179679,12174,"Compound",23,"Star fruit","","","","",NA,"","MANUAL",""
1179680,12174,"Compound",24,"Brazil nut","","","","",NA,"","MANUAL",""
1179681,12174,"Compound",25,"Common beet","","","","",NA,"","MANUAL",""
1179682,12174,"Compound",26,"Borage","","","","",NA,"","MANUAL",""
1179683,12174,"Compound",27,"Chinese mustard","","","","",NA,"","MANUAL",""
1179684,12174,"Compound",28,"Swede","","","","",NA,"","MANUAL",""
1179685,12174,"Compound",29,"Rape","","","","",NA,"","MANUAL",""
1179686,12174,"Compound",30,"Common cabbage","","","","",NA,"","MANUAL",""
1179687,12174,"Compound",31,"Cauliflower","","","","",NA,"","MANUAL",""
1179688,12174,"Compound",32,"Brussel sprouts","","","","",NA,"","MANUAL",""
1179689,12174,"Compound",33,"Kohlrabi","","","","",NA,"","MANUAL",""
1179690,12174,"Compound",34,"Broccoli","","","","",NA,"","MANUAL",""
1179691,12174,"Compound",35,"Chinese cabbage","","","","",NA,"","MANUAL",""
1179692,12174,"Compound",36,"Turnip","","","","",NA,"","MANUAL",""
1179693,12174,"Compound",37,"Pigeon pea","","","","",NA,"","MANUAL",""
1179694,12174,"Compound",39,"Capers","","","","",NA,"","MANUAL",""
692456,12174,"Compound",40,"Pepper","Bell Pepper","Capsicum annuum L. [Solanaceae]","EUGENOL","EUGENOL",NA,"","DUKE","raw"
1179695,12174,"Compound",41,"Papaya","","","","",NA,"","MANUAL",""
1179696,12174,"Compound",42,"Safflower","","","","",NA,"","MANUAL",""
687698,12174,"Compound",43,"Caraway","Caraway","","646","Eugenol",0,"mg/100g","PHENOL EXPLORER","other (raw)"
1179697,12174,"Compound",44,"Pecan nut","","","","",NA,"","MANUAL",""
1179698,12174,"Compound",45,"Chestnut","","","","",NA,"","MANUAL",""
1179699,12174,"Compound",46,"Roman camomile","","","","",NA,"","MANUAL",""
1179700,12174,"Compound",47,"Chickpea","","","","",NA,"","MANUAL",""
1179701,12174,"Compound",48,"Endive","","","","",NA,"","MANUAL",""
1179702,12174,"Compound",49,"Chicory","","","","",NA,"","MANUAL",""
2209505,12174,"Compound",50,"Chinese cinnamon","","","","",NA,"","PHYTOHUB",""
687705,12174,"Compound",51,"Ceylon cinnamon","Ceylan cinnamon","","646","Eugenol",0,"mg/100g","PHENOL EXPLORER","other"
1179703,12174,"Compound",52,"Watermelon","","","","",NA,"","MANUAL",""
1179704,12174,"Compound",53,"Lime","","","","",NA,"","MANUAL",""
1179705,12174,"Compound",54,"Lemon","","","","",NA,"","MANUAL",""
1179706,12174,"Compound",55,"Pummelo","","","","",NA,"","MANUAL",""
1179707,12174,"Compound",56,"Mandarin orange (Clementine, Tangerine)","","","","",NA,"","MANUAL",""
1179708,12174,"Compound",57,"Sweet orange","","","","",NA,"","MANUAL",""
695821,12174,"Compound",59,"Arabica coffee","Coffee","Coffea arabica L. [Rubiaceae]","EUGENOL","EUGENOL",NA,"","DUKE","other"
1179709,12174,"Compound",61,"Coriander","","","","",NA,"","MANUAL",""
1179710,12174,"Compound",62,"Common hazelnut","","","","",NA,"","MANUAL",""
1179711,12174,"Compound",63,"Saffron","","","","",NA,"","MANUAL",""
1179712,12174,"Compound",64,"Muskmelon","","","","",NA,"","MANUAL",""
1179713,12174,"Compound",65,"Cucumber","","","","",NA,"","MANUAL",""
1179714,12174,"Compound",66,"Cucurbita","","","","",NA,"","MANUAL",""
687707,12174,"Compound",67,"Cumin","Cumin","","646","Eugenol",0,"mg/100g","PHENOL EXPLORER","other"
1179715,12174,"Compound",69,"Quince","","","","",NA,"","MANUAL",""
1179716,12174,"Compound",70,"Lemon grass","","","","",NA,"","MANUAL",""
1179717,12174,"Compound",71,"Globe artichoke","","","","",NA,"","MANUAL",""
1179718,12174,"Compound",73,"Japanese persimmon","","","","",NA,"","MANUAL",""
1179719,12174,"Compound",74,"Cardamom","","","","",NA,"","MANUAL",""
1179720,12174,"Compound",75,"Black crowberry","","","","",NA,"","MANUAL",""
1179721,12174,"Compound",76,"Loquat","","","","",NA,"","MANUAL",""
1179722,12174,"Compound",77,"Rocket salad (ssp.)","","","","",NA,"","MANUAL",""
1179723,12174,"Compound",78,"Wax apple","","","","",NA,"","MANUAL",""
1179724,12174,"Compound",79,"Common buckwheat","","","","",NA,"","MANUAL",""
1179725,12174,"Compound",80,"Tartary buckwheat","","","","",NA,"","MANUAL",""
698210,12174,"Compound",81,"Fig","Echte Feige (Ger.)","Ficus carica L. [Moraceae]","EUGENOL","EUGENOL",NA,"","DUKE","other (raw)"
1179726,12174,"Compound",83,"Strawberry","","","","",NA,"","MANUAL",""
1179727,12174,"Compound",84,"Black huckleberry","","","","",NA,"","MANUAL",""
1179728,12174,"Compound",85,"Soy bean","","","","",NA,"","MANUAL",""
1179729,12174,"Compound",87,"Sea-buckthornberry","","","","",NA,"","MANUAL",""
1179730,12174,"Compound",88,"Barley","","","","",NA,"","MANUAL",""
687700,12174,"Compound",90,"Star anise","Star anise","","646","Eugenol",0,"mg/100g","PHENOL EXPLORER","other"
1179731,12174,"Compound",91,"Swamp cabbage","","","","",NA,"","MANUAL",""
1179732,12174,"Compound",92,"Sweet potato","","","","",NA,"","MANUAL",""
1179733,12174,"Compound",93,"Black walnut","","","","",NA,"","MANUAL",""
1179734,12174,"Compound",95,"Lettuce","","","","",NA,"","MANUAL",""
1179735,12174,"Compound",96,"Grass pea","","","","",NA,"","MANUAL",""
687697,12174,"Compound",97,"Sweet bay","Sweet bay, dried","","646","Eugenol",0,"mg/100g","PHENOL EXPLORER","dried or powder"
1179736,12174,"Compound",98,"Lentils","","","","",NA,"","MANUAL",""
1179737,12174,"Compound",99,"Garden cress","","","","",NA,"","MANUAL",""
1179738,12174,"Compound",101,"Flaxseed","","","","",NA,"","MANUAL",""
1179739,12174,"Compound",102,"Mexican oregano","","","","",NA,"","MANUAL",""
1179740,12174,"Compound",103,"Lichee","","","","",NA,"","MANUAL",""
1179741,12174,"Compound",104,"Lupine","","","","",NA,"","MANUAL",""
1179742,12174,"Compound",105,"Apple","","","","",NA,"","MANUAL",""
1179743,12174,"Compound",106,"Mango","","","","",NA,"","MANUAL",""
1179744,12174,"Compound",107,"German camomile","","","","",NA,"","MANUAL",""
1179745,12174,"Compound",109,"Mentha","","","","",NA,"","MANUAL",""
1179746,12174,"Compound",110,"Orange mint","","","","",NA,"","MANUAL",""
1179747,12174,"Compound",114,"Medlar","","","","",NA,"","MANUAL",""
1179748,12174,"Compound",115,"Bitter gourd","","","","",NA,"","MANUAL",""
1179749,12174,"Compound",116,"Mulberry","","","","",NA,"","MANUAL",""
1179750,12174,"Compound",117,"Black mulberry","","","","",NA,"","MANUAL",""
687699,12174,"Compound",118,"Nutmeg","Nutmeg","","646","Eugenol",9,"mg/100g","PHENOL EXPLORER","other"
703255,12174,"Compound",119,"Sweet basil","Basil","Ocimum basilicum L. [Lamiaceae]","EUGENOL","EUGENOL",215.425,"mg/100g","DUKE","raw"
1179751,12174,"Compound",120,"Evening primrose","","","","",NA,"","MANUAL",""
1179752,12174,"Compound",121,"Olive","","","","",NA,"","MANUAL",""
721546,12174,"Compound",122,"Sweet marjoram","","Origanum majorana","C00000619","Eugenol",67.6,"","KNAPSACK","other"
1179753,12174,"Compound",125,"Rice","","","","",NA,"","MANUAL",""
1179754,12174,"Compound",126,"Millet","","","","",NA,"","MANUAL",""
1179755,12174,"Compound",127,"Poppy","","","","",NA,"","MANUAL",""
1179756,12174,"Compound",128,"Passion fruit","","","","",NA,"","MANUAL",""
1179757,12174,"Compound",129,"Parsnip","","","","",NA,"","MANUAL",""
1179758,12174,"Compound",130,"Avocado","","","","",NA,"","MANUAL",""
1179759,12174,"Compound",131,"Parsley","","","","",NA,"","MANUAL",""
1179760,12174,"Compound",132,"Scarlet bean","","","","",NA,"","MANUAL",""
1179761,12174,"Compound",133,"Lima bean","","","","",NA,"","MANUAL",""
1179762,12174,"Compound",134,"Common bean","","","","",NA,"","MANUAL",""
1179763,12174,"Compound",135,"Date","","","","",NA,"","MANUAL",""
1179764,12174,"Compound",136,"Black chokeberry","","","","",NA,"","MANUAL",""
1179765,12174,"Compound",138,"Pine nut","","","","",NA,"","MANUAL",""
687701,12174,"Compound",139,"Pepper (Spice)","Pepper spice [Black]","","646","Eugenol",0,"mg/100g","PHENOL EXPLORER","other"
1179766,12174,"Compound",140,"Pistachio","","","","",NA,"","MANUAL",""
1179767,12174,"Compound",141,"Common pea","","","","",NA,"","MANUAL",""
1179768,12174,"Compound",142,"Purslane","","","","",NA,"","MANUAL",""
1179769,12174,"Compound",143,"Prunus (Cherry, Plum)","","","","",NA,"","MANUAL",""
1179770,12174,"Compound",144,"Apricot","","","","",NA,"","MANUAL",""
1179771,12174,"Compound",145,"Sweet cherry","","","","",NA,"","MANUAL",""
1179772,12174,"Compound",147,"European plum","","","","",NA,"","MANUAL",""
1179773,12174,"Compound",149,"Peach","","","","",NA,"","MANUAL",""
1179774,12174,"Compound",151,"Pomegranate","","","","",NA,"","MANUAL",""
1179775,12174,"Compound",152,"Pear","","","","",NA,"","MANUAL",""
1179776,12174,"Compound",153,"Radish","","","","",NA,"","MANUAL",""
1179777,12174,"Compound",154,"Garden rhubarb","","","","",NA,"","MANUAL",""
1179778,12174,"Compound",155,"Blackcurrant","","","","",NA,"","MANUAL",""
1179779,12174,"Compound",156,"Redcurrant","","","","",NA,"","MANUAL",""
1179780,12174,"Compound",157,"Gooseberry","","","","",NA,"","MANUAL",""
1179781,12174,"Compound",158,"Watercress","","","","",NA,"","MANUAL",""
1179782,12174,"Compound",160,"Rubus (Blackberry, Raspberry)","","","","",NA,"","MANUAL",""
1179783,12174,"Compound",161,"Cloudberry","","","","",NA,"","MANUAL",""
1179784,12174,"Compound",162,"Red raspberry","","","","",NA,"","MANUAL",""
1179785,12174,"Compound",163,"Black raspberry","","","","",NA,"","MANUAL",""
1179786,12174,"Compound",164,"Sorrel","","","","",NA,"","MANUAL",""
1179787,12174,"Compound",165,"Common sage","","","","",NA,"","MANUAL",""
1179788,12174,"Compound",166,"Black elderberry","","","","",NA,"","MANUAL",""
1179789,12174,"Compound",167,"Summer savory","","","","",NA,"","MANUAL",""
1179790,12174,"Compound",168,"Winter savory","","","","",NA,"","MANUAL",""
1179791,12174,"Compound",169,"Rye","","","","",NA,"","MANUAL",""
1179792,12174,"Compound",170,"Sesame","","","","",NA,"","MANUAL",""
1179793,12174,"Compound",171,"Garden tomato","","","","",NA,"","MANUAL",""
1179794,12174,"Compound",172,"Cherry tomato","","","","",NA,"","MANUAL",""
2194925,12174,"Compound",173,"Garden tomato (var.)","","","","",NA,"","MANUAL",""
1179795,12174,"Compound",174,"Eggplant","","","","",NA,"","MANUAL",""
1179796,12174,"Compound",175,"Potato","","","","",NA,"","MANUAL",""
1179797,12174,"Compound",176,"Rowanberry","","","","",NA,"","MANUAL",""
1179798,12174,"Compound",177,"Sorghum","","","","",NA,"","MANUAL",""
1179799,12174,"Compound",178,"Spinach","","","","",NA,"","MANUAL",""
687704,12174,"Compound",179,"Cloves","Cloves","","646","Eugenol",12592.925048828,"mg/100g","PHENOL EXPLORER","other"
1179800,12174,"Compound",180,"Tamarind","","","","",NA,"","MANUAL",""
1179801,12174,"Compound",181,"Dandelion","","","","",NA,"","MANUAL",""
1179802,12174,"Compound",182,"Cocoa bean","","","","",NA,"","MANUAL",""
711970,12174,"Compound",183,"Common thyme","Common Thyme","Thymus vulgaris L. [Lamiaceae]","EUGENOL","EUGENOL",NA,"","DUKE","other"
1179803,12174,"Compound",185,"Small-leaf linden","","","","",NA,"","MANUAL",""
1179804,12174,"Compound",186,"Fenugreek","","","","",NA,"","MANUAL",""
1179805,12174,"Compound",187,"Common wheat","","","","",NA,"","MANUAL",""
1179806,12174,"Compound",188,"Vaccinium (Blueberry, Cranberry, Huckleberry)","","","","",NA,"","MANUAL",""
1179807,12174,"Compound",189,"Lowbush blueberry","","","","",NA,"","MANUAL",""
1179808,12174,"Compound",190,"Sparkleberry","","","","",NA,"","MANUAL",""
2198887,12174,"Compound",191,"Highbush blueberry","High-bush blueberry, frozen","","","",0.00012,"mg/100g","Timo Hirvi and Erkki Honkanen. The arome of blueberries. J. Sci. Food Agric. 1983, 34, 992-998. DOI: 10.1002/jsfa.2740340916","raw, frozen"
712854,12174,"Compound",192,"American cranberry","American Cranberry","Vaccinium macrocarpon AITON [Ericaceae]","EUGENOL","EUGENOL",NA,"","DUKE","raw"
2198921,12174,"Compound",193,"Bilberry","Bilberry, frozen","","","",1e-04,"mg/100g","Timo Hirvi and Erkki Honkanen. The arome of blueberries. J. Sci. Food Agric. 1983, 34, 992-998. DOI: 10.1002/jsfa.2740340916","raw, frozen"
1179809,12174,"Compound",194,"Lingonberry","","","","",NA,"","MANUAL",""
1179810,12174,"Compound",195,"Vanilla","","","","",NA,"","MANUAL",""
1179811,12174,"Compound",196,"Common verbena","","","","",NA,"","MANUAL",""
1179812,12174,"Compound",197,"Broad bean","","","","",NA,"","MANUAL",""
1179813,12174,"Compound",198,"Adzuki bean","","","","",NA,"","MANUAL",""
1179814,12174,"Compound",199,"Gram bean","","","","",NA,"","MANUAL",""
1179815,12174,"Compound",200,"Mung bean","","","","",NA,"","MANUAL",""
1179816,12174,"Compound",201,"Climbing bean","","","","",NA,"","MANUAL",""
1179817,12174,"Compound",202,"Cowpea","","","","",NA,"","MANUAL",""
1179818,12174,"Compound",203,"Muscadine grape","","","","",NA,"","MANUAL",""
1179819,12174,"Compound",204,"Common grape","","","","",NA,"","MANUAL",""
714536,12174,"Compound",205,"Corn","Corn","Zea mays L. [Poaceae]","EUGENOL","EUGENOL",NA,"","DUKE","raw"
687706,12174,"Compound",206,"Ginger","Ginger, dried","","646","Eugenol",0,"mg/100g","PHENOL EXPLORER","dried or powder"
1179820,12174,"Compound",207,"Arctic blackberry","","","","",NA,"","MANUAL",""
1179821,12174,"Compound",208,"Banana","","","","",NA,"","MANUAL",""
1179822,12174,"Compound",209,"Bayberry","","","","",NA,"","MANUAL",""
1179823,12174,"Compound",210,"Elliott's blueberry","","","","",NA,"","MANUAL",""
1179824,12174,"Compound",211,"Canada blueberry","","","","",NA,"","MANUAL",""
1179825,12174,"Compound",212,"Bog bilberry","","","","",NA,"","MANUAL",""
1179826,12174,"Compound",213,"Buffalo currant","","","","",NA,"","MANUAL",""
1179827,12174,"Compound",214,"Celeriac","","","","",NA,"","MANUAL",""
1179828,12174,"Compound",215,"Celery stalks","","","","",NA,"","MANUAL",""
1179829,12174,"Compound",216,"Chinese chives","","","","",NA,"","MANUAL",""
1179830,12174,"Compound",217,"European cranberry","","","","",NA,"","MANUAL",""
1179831,12174,"Compound",218,"Deerberry","","","","",NA,"","MANUAL",""
1179832,12174,"Compound",219,"Ginseng","","","","",NA,"","MANUAL",""
1179833,12174,"Compound",220,"Cascade huckleberry","","","","",NA,"","MANUAL",""
1179834,12174,"Compound",221,"Oval-leaf huckleberry","","","","",NA,"","MANUAL",""
1179835,12174,"Compound",222,"Evergreen huckleberry","","","","",NA,"","MANUAL",""
1179836,12174,"Compound",223,"Red huckleberry","","","","",NA,"","MANUAL",""
1179837,12174,"Compound",224,"Longan","","","","",NA,"","MANUAL",""
1179838,12174,"Compound",225,"Macadamia nut (M. tetraphylla)","","","","",NA,"","MANUAL",""
1179839,12174,"Compound",226,"Garden onion (var.)","","","","",NA,"","MANUAL",""
1179840,12174,"Compound",227,"Summer grape","","","","",NA,"","MANUAL",""
1179841,12174,"Compound",228,"Fox grape","","","","",NA,"","MANUAL",""
1179842,12174,"Compound",229,"Nectarine","","","","",NA,"","MANUAL",""
1179843,12174,"Compound",230,"Peach (var.)","","","","",NA,"","MANUAL",""
1179844,12174,"Compound",231,"Pepper (C. baccatum)","","","","",NA,"","MANUAL",""
1179845,12174,"Compound",232,"Pepper (C. chinense)","","","","",NA,"","MANUAL",""
1179846,12174,"Compound",233,"Pepper (Capsicum)","","","","",NA,"","MANUAL",""
1179847,12174,"Compound",234,"Rambutan","","","","",NA,"","MANUAL",""
1179848,12174,"Compound",235,"Red rice","","","","",NA,"","MANUAL",""
1179849,12174,"Compound",236,"Annual wild rice","","","","",NA,"","MANUAL",""
1179850,12174,"Compound",237,"Swiss chard","","","","",NA,"","MANUAL",""
1179851,12174,"Compound",238,"Lemon thyme","","","","",NA,"","MANUAL",""
1179852,12174,"Compound",239,"Tronchuda cabbage","","","","",NA,"","MANUAL",""
1179853,12174,"Compound",240,"Japanese walnut","","","","",NA,"","MANUAL",""
1179854,12174,"Compound",241,"Welsh onion","","","","",NA,"","MANUAL",""
1179855,12174,"Compound",242,"Hard wheat","","","","",NA,"","MANUAL",""
1179856,12174,"Compound",243,"Shallot","","","","",NA,"","MANUAL",""
1179857,12174,"Compound",244,"Rocket salad","","","","",NA,"","MANUAL",""
2195511,12174,"Compound",245,"Carrot","Carrot","","","",NA,"","12926889","raw, frozen"
1179858,12174,"Compound",246,"Triticale","","","","",NA,"","MANUAL",""
1179859,12174,"Compound",247,"Black cabbage","","","","",NA,"","MANUAL",""
1179860,12174,"Compound",248,"Half-highbush blueberry","","","","",NA,"","MANUAL",""
1179861,12174,"Compound",249,"Celery leaves","","","","",NA,"","MANUAL",""
1179862,12174,"Compound",250,"Chicory leaves","","","","",NA,"","MANUAL",""
1179863,12174,"Compound",251,"Komatsuna","","","","",NA,"","MANUAL",""
1179864,12174,"Compound",252,"Pak choy","","","","",NA,"","MANUAL",""
1179865,12174,"Compound",253,"Napa cabbage","","","","",NA,"","MANUAL",""
1179866,12174,"Compound",254,"Chicory roots","","","","",NA,"","MANUAL",""
1179867,12174,"Compound",255,"Grapefruit/Pummelo hybrid","","","","",NA,"","MANUAL",""
1179868,12174,"Compound",256,"Grapefruit","","","","",NA,"","MANUAL",""
1179869,12174,"Compound",257,"Jostaberry","","","","",NA,"","MANUAL",""
1179870,12174,"Compound",258,"Kai-lan","","","","",NA,"","MANUAL",""
1179871,12174,"Compound",259,"Italian oregano","","","","",NA,"","MANUAL",""
1179872,12174,"Compound",260,"Oxheart cabbage","","","","",NA,"","MANUAL",""
1179873,12174,"Compound",261,"Daikon radish","","","","",NA,"","MANUAL",""
1179874,12174,"Compound",262,"Black radish","","","","",NA,"","MANUAL",""
1179875,12174,"Compound",263,"Radish (var.)","","","","",NA,"","MANUAL",""
1179876,12174,"Compound",264,"Red beetroot","","","","",NA,"","MANUAL",""
1179877,12174,"Compound",265,"Sweet rowanberry","","","","",NA,"","MANUAL",""
1179878,12174,"Compound",266,"Pineappple sage","","","","",NA,"","MANUAL",""
1179879,12174,"Compound",267,"Skunk currant","","","","",NA,"","MANUAL",""
2210892,12174,"Compound",268,"Beer","Sour cherry juice-supplemented beer","","","",0,"mg/100g","18673394",""
1179880,12174,"Compound",269,"Other bread","","","","",NA,"","MANUAL",""
1179881,12174,"Compound",270,"Breakfast cereal","","","","",NA,"","MANUAL",""
1179882,12174,"Compound",272,"Other soy product","","","","",NA,"","MANUAL",""
1179883,12174,"Compound",273,"Other cereal product","","","","",NA,"","MANUAL",""
1179884,12174,"Compound",274,"Pasta","","","","",NA,"","MANUAL",""
1179885,12174,"Compound",275,"Biscuit","","","","",NA,"","MANUAL",""
1179886,12174,"Compound",276,"Sourdough","","","","",NA,"","MANUAL",""
1179887,12174,"Compound",280,"Abalone","","","","",NA,"","MANUAL",""
1179888,12174,"Compound",281,"Abiyuch","","","","",NA,"","MANUAL",""
1179889,12174,"Compound",282,"Acerola","","","","",NA,"","MANUAL",""
1179890,12174,"Compound",283,"Acorn","","","","",NA,"","MANUAL",""
1179891,12174,"Compound",284,"Winter squash","","","","",NA,"","MANUAL",""
1179892,12174,"Compound",285,"Agar","","","","",NA,"","MANUAL",""
1179893,12174,"Compound",287,"Alfalfa","","","","",NA,"","MANUAL",""
721550,12174,"Compound",288,"Allspice","","Pimenta dioica","C00000619","Eugenol",NA,"","KNAPSACK","other"
1179894,12174,"Compound",289,"Amaranth","","","","",NA,"","MANUAL",""
1179895,12174,"Compound",290,"Arrowhead","","","","",NA,"","MANUAL",""
1179896,12174,"Compound",291,"Arrowroot","","","","",NA,"","MANUAL",""
1179897,12174,"Compound",292,"Asian pear","","","","",NA,"","MANUAL",""
1179898,12174,"Compound",293,"Atlantic herring","","","","",NA,"","MANUAL",""
1179899,12174,"Compound",298,"Bamboo shoots","","","","",NA,"","MANUAL",""
1179900,12174,"Compound",301,"Beech nut","","","","",NA,"","MANUAL",""
1179901,12174,"Compound",312,"Breadfruit","","","","",NA,"","MANUAL",""
1179902,12174,"Compound",313,"Breadnut tree seed","","","","",NA,"","MANUAL",""
1179903,12174,"Compound",314,"Rapini","","","","",NA,"","MANUAL",""
1179904,12174,"Compound",317,"Burbot","","","","",NA,"","MANUAL",""
1179905,12174,"Compound",318,"Giant butterbur","","","","",NA,"","MANUAL",""
1179906,12174,"Compound",319,"American butterfish","","","","",NA,"","MANUAL",""
1179907,12174,"Compound",320,"Butternut","","","","",NA,"","MANUAL",""
1179908,12174,"Compound",321,"Butternut squash","","","","",NA,"","MANUAL",""
1179909,12174,"Compound",322,"Calabash","","","","",NA,"","MANUAL",""
1179910,12174,"Compound",323,"Cardoon","","","","",NA,"","MANUAL",""
1179911,12174,"Compound",325,"Natal plum","","","","",NA,"","MANUAL",""
1179912,12174,"Compound",326,"Carob","","","","",NA,"","MANUAL",""
1179913,12174,"Compound",328,"Cassava","","","","",NA,"","MANUAL",""
1179914,12174,"Compound",330,"Chayote","","","","",NA,"","MANUAL",""
1179915,12174,"Compound",331,"Cherimoya","","","","",NA,"","MANUAL",""
1179916,12174,"Compound",332,"Chervil","","","","",NA,"","MANUAL",""
1179917,12174,"Compound",333,"Chia","","","","",NA,"","MANUAL",""
1179918,12174,"Compound",335,"Chinese broccoli","","","","",NA,"","MANUAL",""
1179919,12174,"Compound",336,"Chinese chestnut","","","","",NA,"","MANUAL",""
1179920,12174,"Compound",337,"Chinese water chestnut","","","","",NA,"","MANUAL",""
1179921,12174,"Compound",338,"Garland chrysanthemum","","","","",NA,"","MANUAL",""
1179922,12174,"Compound",341,"Coconut","","","","",NA,"","MANUAL",""
1179923,12174,"Compound",345,"Corn salad","","","","",NA,"","MANUAL",""
1179924,12174,"Compound",346,"Cottonseed","","","","",NA,"","MANUAL",""
1179925,12174,"Compound",347,"Catjang pea","","","","",NA,"","MANUAL",""
1179926,12174,"Compound",348,"Malus (Crab apple)","","","","",NA,"","MANUAL",""
1179927,12174,"Compound",349,"Squashberry","","","","",NA,"","MANUAL",""
1179928,12174,"Compound",354,"Devilfish","","","","",NA,"","MANUAL",""
1179929,12174,"Compound",355,"Dock","","","","",NA,"","MANUAL",""
1179930,12174,"Compound",360,"Durian","","","","",NA,"","MANUAL",""
1179931,12174,"Compound",363,"Elderberry","","","","",NA,"","MANUAL",""
1179932,12174,"Compound",366,"Oregon yampah","","","","",NA,"","MANUAL",""
1179933,12174,"Compound",368,"European chestnut","","","","",NA,"","MANUAL",""
1179934,12174,"Compound",370,"Fireweed","","","","",NA,"","MANUAL",""
1179935,12174,"Compound",372,"Ginkgo nuts","","","","",NA,"","MANUAL",""
1179936,12174,"Compound",374,"Grape","","","","",NA,"","MANUAL",""
1179937,12174,"Compound",376,"Groundcherry","","","","",NA,"","MANUAL",""
1179938,12174,"Compound",381,"Hazelnut","","","","",NA,"","MANUAL",""
1179939,12174,"Compound",382,"Hickory nut","","","","",NA,"","MANUAL",""
1179940,12174,"Compound",384,"Horseradish tree","","","","",NA,"","MANUAL",""
1179941,12174,"Compound",385,"Alaska blueberry","","","","",NA,"","MANUAL",""
1179942,12174,"Compound",386,"Hyacinth bean","","","","",NA,"","MANUAL",""
1179943,12174,"Compound",387,"Irish moss","","","","",NA,"","MANUAL",""
1179944,12174,"Compound",389,"Jackfruit","","","","",NA,"","MANUAL",""
1179945,12174,"Compound",390,"Japanese chestnut","","","","",NA,"","MANUAL",""
1179946,12174,"Compound",391,"Java plum","","","","",NA,"","MANUAL",""
1179947,12174,"Compound",392,"Jerusalem artichoke","","","","",NA,"","MANUAL",""
1179948,12174,"Compound",393,"Jujube","","","","",NA,"","MANUAL",""
1179949,12174,"Compound",394,"Jute","","","","",NA,"","MANUAL",""
1179950,12174,"Compound",395,"Kale","","","","",NA,"","MANUAL",""
1179951,12174,"Compound",396,"Kelp","","","","",NA,"","MANUAL",""
1179952,12174,"Compound",398,"Kumquat","","","","",NA,"","MANUAL",""
1179953,12174,"Compound",399,"Lambsquarters","","","","",NA,"","MANUAL",""
1179954,12174,"Compound",401,"Wild leek","","","","",NA,"","MANUAL",""
1179955,12174,"Compound",405,"Loganberry","","","","",NA,"","MANUAL",""
1179956,12174,"Compound",406,"Lotus","","","","",NA,"","MANUAL",""
1179957,12174,"Compound",407,"Sacred lotus","","","","",NA,"","MANUAL",""
1179958,12174,"Compound",408,"White lupine","","","","",NA,"","MANUAL",""
1179959,12174,"Compound",409,"Malabar spinach","","","","",NA,"","MANUAL",""
1179960,12174,"Compound",410,"Mammee apple","","","","",NA,"","MANUAL",""
1179961,12174,"Compound",411,"Purple mangosteen","","","","",NA,"","MANUAL",""
1179962,12174,"Compound",412,"Alpine sweetvetch","","","","",NA,"","MANUAL",""
1179963,12174,"Compound",416,"Moth bean","","","","",NA,"","MANUAL",""
1179964,12174,"Compound",417,"Mountain yam","","","","",NA,"","MANUAL",""
721545,12174,"Compound",420,"White mustard","","Brassica hirta","C00000619","Eugenol",NA,"","KNAPSACK","other"
1179965,12174,"Compound",421,"Mustard spinach","","","","",NA,"","MANUAL",""
1179966,12174,"Compound",422,"New Zealand spinach","","","","",NA,"","MANUAL",""
1179967,12174,"Compound",423,"Nopal","","","","",NA,"","MANUAL",""
1179968,12174,"Compound",426,"Ohelo berry","","","","",NA,"","MANUAL",""
1179969,12174,"Compound",427,"Okra","","","","",NA,"","MANUAL",""
1179970,12174,"Compound",436,"Pepper (C. frutescens)","","","","",NA,"","MANUAL",""
1179971,12174,"Compound",437,"Common persimmon","","","","",NA,"","MANUAL",""
1179972,12174,"Compound",440,"Pili nut","","","","",NA,"","MANUAL",""
1179973,12174,"Compound",441,"Colorado pinyon","","","","",NA,"","MANUAL",""
1179974,12174,"Compound",442,"Pitanga","","","","",NA,"","MANUAL",""
1179975,12174,"Compound",443,"Plains prickly pear","","","","",NA,"","MANUAL",""
1179976,12174,"Compound",444,"French plantain","","","","",NA,"","MANUAL",""
1179977,12174,"Compound",445,"American pokeweed","","","","",NA,"","MANUAL",""
1179978,12174,"Compound",447,"Opium poppy","","","","",NA,"","MANUAL",""
1179979,12174,"Compound",448,"Prairie turnip","","","","",NA,"","MANUAL",""
1179980,12174,"Compound",449,"Prickly pear","","","","",NA,"","MANUAL",""
1179981,12174,"Compound",450,"Quinoa","","","","",NA,"","MANUAL",""
1179982,12174,"Compound",455,"Malabar plum","","","","",NA,"","MANUAL",""
1179983,12174,"Compound",456,"Rose hip","","","","",NA,"","MANUAL",""
1179984,12174,"Compound",466,"Salmonberry","","","","",NA,"","MANUAL",""
1179985,12174,"Compound",467,"Common salsify","","","","",NA,"","MANUAL",""
1179986,12174,"Compound",468,"Sapodilla","","","","",NA,"","MANUAL",""
1179987,12174,"Compound",469,"Mamey sapote","","","","",NA,"","MANUAL",""
1179988,12174,"Compound",479,"Sesbania flower","","","","",NA,"","MANUAL",""
1179989,12174,"Compound",485,"Hedge mustard","","","","",NA,"","MANUAL",""
1179990,12174,"Compound",488,"Soursop","","","","",NA,"","MANUAL",""
1179991,12174,"Compound",489,"Spelt","","","","",NA,"","MANUAL",""
1179992,12174,"Compound",490,"Spirulina","","","","",NA,"","MANUAL",""
1179993,12174,"Compound",493,"Strawberry guava","","","","",NA,"","MANUAL",""
1179994,12174,"Compound",496,"Sugar apple","","","","",NA,"","MANUAL",""
1179995,12174,"Compound",499,"Taro","","","","",NA,"","MANUAL",""
1179996,12174,"Compound",500,"Teff","","","","",NA,"","MANUAL",""
1179997,12174,"Compound",502,"Mexican groundcherry","","","","",NA,"","MANUAL",""
1179998,12174,"Compound",503,"Towel gourd","","","","",NA,"","MANUAL",""
1179999,12174,"Compound",509,"Wasabi","","","","",NA,"","MANUAL",""
1180000,12174,"Compound",510,"Wax gourd","","","","",NA,"","MANUAL",""
1180001,12174,"Compound",516,"Wild rice","","","","",NA,"","MANUAL",""
1180002,12174,"Compound",517,"Tea leaf willow","","","","",NA,"","MANUAL",""
1180003,12174,"Compound",518,"Winged bean","","","","",NA,"","MANUAL",""
1180004,12174,"Compound",519,"Yam","","","","",NA,"","MANUAL",""
1180005,12174,"Compound",520,"Jicama","","","","",NA,"","MANUAL",""
1180006,12174,"Compound",521,"Yautia","","","","",NA,"","MANUAL",""
1180007,12174,"Compound",534,"Black-eyed pea","","","","",NA,"","MANUAL",""
1180008,12174,"Compound",536,"Macadamia nut","","","","",NA,"","MANUAL",""
1180009,12174,"Compound",551,"Alaska wild rhubarb","","","","",NA,"","MANUAL",""
1180010,12174,"Compound",552,"Oriental wheat","","","","",NA,"","MANUAL",""
1180011,12174,"Compound",553,"Yardlong bean","","","","",NA,"","MANUAL",""
1180012,12174,"Compound",554,NA,"","","","",NA,"","MANUAL",""
1180013,12174,"Compound",556,"Boysenberry","","","","",NA,"","MANUAL",""
1180014,12174,"Compound",557,"Persian lime","","","","",NA,"","MANUAL",""
1180015,12174,"Compound",558,"Feijoa","","","","",NA,"","MANUAL",""
1180016,12174,"Compound",559,"Rowal","","","","",NA,"","MANUAL",""
1180017,12174,"Compound",560,"Jew's ear","","","","",NA,"","MANUAL",""
1180018,12174,"Compound",561,"Common mushroom","","","","",NA,"","MANUAL",""
1180019,12174,"Compound",562,"Shiitake","","","","",NA,"","MANUAL",""
1180020,12174,"Compound",563,"Purple laver","","","","",NA,"","MANUAL",""
1180021,12174,"Compound",564,"Wakame","","","","",NA,"","MANUAL",""
1180022,12174,"Compound",565,"Enokitake","","","","",NA,"","MANUAL",""
1180023,12174,"Compound",566,"Epazote","","","","",NA,"","MANUAL",""
1180024,12174,"Compound",567,"Oyster mushroom","","","","",NA,"","MANUAL",""
1180025,12174,"Compound",568,"Cloud ear fungus","","","","",NA,"","MANUAL",""
1180026,12174,"Compound",569,"Maitake","","","","",NA,"","MANUAL",""
1180027,12174,"Compound",570,"Ostrich fern","","","","",NA,"","MANUAL",""
1180028,12174,"Compound",572,"Sourdock","","","","",NA,"","MANUAL",""
1180029,12174,"Compound",573,"Tinda","","","","",NA,"","MANUAL",""
1180030,12174,"Compound",575,"Wheat","","","","",NA,"","MANUAL",""
1180031,12174,"Compound",576,"Common chokecherry","","","","",NA,"","MANUAL",""
1180032,12174,"Compound",577,"Agave","","","","",NA,"","MANUAL",""
1180033,12174,"Compound",578,"Narrowleaf cattail","","","","",NA,"","MANUAL",""
1180034,12174,"Compound",583,"Chanterelle","","","","",NA,"","MANUAL",""
721547,12174,"Compound",586,"Cinnamon","","Cinnamomum spp.","C00000619","Eugenol",NA,"","KNAPSACK","other"
1180035,12174,"Compound",605,"Oil palm","","","","",NA,"","MANUAL",""
1180036,12174,"Compound",607,"Sago palm","","","","",NA,"","MANUAL",""
1180037,12174,"Compound",608,"Persimmon","","","","",NA,"","MANUAL",""
1180038,12174,"Compound",613,"Black salsify","","","","",NA,"","MANUAL",""
1180039,12174,"Compound",615,"Red algae","","","","",NA,"","MANUAL",""
1180040,12174,"Compound",616,"Kombu","","","","",NA,"","MANUAL",""
1180041,12174,"Compound",620,"Thistle","","","","",NA,"","MANUAL",""
1180042,12174,"Compound",622,"Walnut","","","","",NA,"","MANUAL",""
1180043,12174,"Compound",625,"Conch","","","","",NA,"","MANUAL",""
1180044,12174,"Compound",638,"Bean","","","","",NA,"","MANUAL",""
1518931,12174,"Compound",786,"Horned melon","","","","",NA,"","MANUAL",""
1518932,12174,"Compound",796,"Mixed nuts","","","","",NA,"","MANUAL",""
1518933,12174,"Compound",797,"Canola","","","","",NA,"","MANUAL",""
1518934,12174,"Compound",798,"Babassu palm","","","","",NA,"","MANUAL",""
1518935,12174,"Compound",799,"Cupua√ßu","","","","",NA,"","MANUAL",""
1518936,12174,"Compound",800,"Shea tree","","","","",NA,"","MANUAL",""
1518937,12174,"Compound",801,"Oil-seed Camellia","","","","",NA,"","MANUAL",""
1518938,12174,"Compound",802,"Ucuhuba","","","","",NA,"","MANUAL",""
1518939,12174,"Compound",813,"Nance","","","","",NA,"","MANUAL",""
1518940,12174,"Compound",814,"Naranjilla","","","","",NA,"","MANUAL",""
1518941,12174,"Compound",823,"Tree fern","","","","",NA,"","MANUAL",""
1518942,12174,"Compound",849,"Greenthread tea","","","","",NA,"","MANUAL",""
1518943,12174,"Compound",863,"Yellow pond-lily","","","","",NA,"","MANUAL",""
1518944,12174,"Compound",879,"Pepper (C. pubescens)","","","","",NA,"","MANUAL",""
1518945,12174,"Compound",880,"Soft-necked garlic","","","","",NA,"","MANUAL",""
1518946,12174,"Compound",881,"Cabbage","","","","",NA,"","MANUAL",""
1518947,12174,"Compound",882,"Chinese bayberry","","","","",NA,"","MANUAL",""
1518948,12174,"Compound",885,"Onion-family vegetables","","","","",NA,"","MANUAL",""
731562,12174,"Compound",886,"Pomes","Apples and pears","","","",NA,"","DFC CODES",""
1518949,12174,"Compound",887,"Brassicas","","","","",NA,"","MANUAL",""
1518950,12174,"Compound",888,"Cereals and cereal products","","","","",NA,"","MANUAL",""
731561,12174,"Compound",889,"Citrus","Citrus fruits","","","",NA,"","DFC CODES",""
731564,12174,"Compound",897,"Herbs and Spices","Herbs, condiments and spices","","","",NA,"","DFC CODES","other"
1518951,12174,"Compound",898,"Pulses","","","","",NA,"","MANUAL",""
1518952,12174,"Compound",901,"Nuts","","","","",NA,"","MANUAL",""
731563,12174,"Compound",903,"Fruits","Other fruits","","","",NA,"","DFC CODES",""
1518954,12174,"Compound",904,"Green vegetables","","","","",NA,"","MANUAL",""
1518953,12174,"Compound",905,"Root vegetables","","","","",NA,"","MANUAL",""
1518955,12174,"Compound",906,"Sunburst squash (pattypan squash)","","","","",NA,"","MANUAL",""
1518956,12174,"Compound",907,"Green zucchini","","","","",NA,"","MANUAL",""
1518957,12174,"Compound",908,"Yellow zucchini","","","","",NA,"","MANUAL",""
1518958,12174,"Compound",913,"Italian sweet red pepper","","","","",NA,"","MANUAL",""
1518959,12174,"Compound",914,"Yellow wax bean","","","","",NA,"","MANUAL",""
1518960,12174,"Compound",915,"Green bean","","","","",NA,"","MANUAL",""
1518961,12174,"Compound",916,"Saskatoon berry","","","","",NA,"","MANUAL",""
1518962,12174,"Compound",917,"Nanking cherry","","","","",NA,"","MANUAL",""
1518963,12174,"Compound",918,"Japanese pumpkin","","","","",NA,"","MANUAL",""
1518964,12174,"Compound",919,"White cabbage","","","","",NA,"","MANUAL",""
1518965,12174,"Compound",920,"Romaine lettuce","","","","",NA,"","MANUAL",""
2197491,12174,"Compound",930,"Rabbiteye blueberry","Rabbiteye Blueberries","","","",NA,"","R. J. Horvat, S. D. Senter, E. D. Dekazos. GLC-MS Analysis of Volatile Constituents in Rabbiteye Blueberries. Journal of Food Science 1983, 48(1) 278-279","cooked"
2195469,12174,"Compound",933,"Evergreen blackberry","Evergreen blackberries","","","",NA,"","12744680","raw, frozen"
2195470,12174,"Compound",938,"Blackberry","Marion lackberries","","","",NA,"","12744680","raw, frozen"
2211618,12174,"Compound",943,"Red wine","Frontenac wine","","","",4.34,"mg/100g","26083035",""
2254419,12174,"Compound",994,"Red onion","","","","",NA,"","MANUAL",""
2254418,12174,"Compound",995,"Green onion","","","","",NA,"","MANUAL",""
